dataset,instance,solver,status,makespan,time_ms,time_limit_s,workers,seed,starts,output_format_ok,output_line
sm_j10,PSP1.SCH,solver_3,feasible,25,1601.4,2.00,8,42,120,true,"0, 0, 3, 0, 6, 20, 10, 20, 10, 6"
sm_j10,PSP2.SCH,solver_3,feasible,46,1602.6,2.00,8,42,120,true,"11, 18, 1, 0, 0, 27, 15, 9, 37, 37"
sm_j10,PSP3.SCH,solver_3,feasible,29,1600.5,2.00,8,42,120,true,"13, 0, 0, 16, 7, 13, 24, 22, 14, 16"
sm_j10,PSP4.SCH,solver_3,feasible,33,1600.4,2.00,8,42,120,true,"15, 8, 10, 0, 3, 8, 3, 15, 23, 10"
sm_j10,PSP5.SCH,solver_3,feasible,32,1600.6,2.00,8,42,120,true,"0, 0, 9, 0, 11, 22, 13, 30, 13, 13"
sm_j10,PSP6.SCH,solver_3,feasible,33,1601.3,2.00,8,42,120,true,"0, 23, 0, 14, 4, 4, 28, 20, 14, 20"
sm_j10,PSP7.SCH,solver_3,feasible,32,1601.0,2.00,8,42,120,true,"12, 8, 0, 8, 0, 18, 23, 23, 23, 9"
sm_j10,PSP8.SCH,solver_3,feasible,35,1601.2,2.00,8,42,120,true,"0, 9, 0, 19, 19, 0, 28, 28, 34, 31"
sm_j10,PSP9.SCH,solver_3,feasible,41,1600.3,2.00,8,42,120,true,"14, 0, 19, 8, 0, 35, 17, 25, 8, 21"
sm_j10,PSP17.SCH,solver_3,true_infeasible,,0.0,2.00,8,42,120,true,-1
sm_j10,PSP10.SCH,solver_3,feasible,31,1601.1,2.00,8,42,120,true,"1, 25, 0, 6, 1, 28, 17, 10, 17, 21"
sm_j10,PSP11.SCH,solver_3,feasible,29,1600.8,2.00,8,42,120,true,"0, 14, 0, 8, 16, 8, 18, 24, 24, 18"
sm_j10,PSP12.SCH,solver_3,feasible,27,1601.3,2.00,8,42,120,true,"6, 6, 0, 0, 6, 13, 19, 26, 13, 10"
sm_j10,PSP13.SCH,solver_3,feasible,35,1600.6,2.00,8,42,120,true,"0, 15, 5, 0, 22, 5, 25, 22, 15, 34"
sm_j10,PSP14.SCH,solver_3,feasible,20,1600.7,2.00,8,42,120,true,"5, 0, 0, 8, 5, 9, 9, 11, 9, 14"
sm_j10,PSP15.SCH,solver_3,feasible,39,1600.5,2.00,8,42,120,true,"9, 0, 9, 0, 9, 15, 30, 19, 30, 20"
sm_j10,PSP16.SCH,solver_3,feasible,26,1601.4,2.00,8,42,120,true,"0, 7, 0, 7, 7, 19, 9, 9, 13, 24"
sm_j10,PSP18.SCH,solver_3,feasible,26,1600.7,2.00,8,42,120,true,"11, 0, 8, 11, 0, 22, 18, 18, 21, 21"
sm_j10,PSP26.SCH,solver_3,true_infeasible,,0.0,2.00,8,42,120,true,-1
sm_j10,PSP27.SCH,solver_3,true_infeasible,,0.0,2.00,8,42,120,true,-1
sm_j10,PSP19.SCH,solver_3,feasible,22,1600.5,2.00,8,42,120,true,"4, 0, 0, 0, 5, 18, 10, 8, 1, 5"
sm_j10,PSP20.SCH,solver_3,feasible,39,1602.3,2.00,8,42,120,true,"10, 6, 0, 10, 2, 20, 29, 29, 0, 20"
sm_j10,PSP21.SCH,solver_3,feasible,29,1600.7,2.00,8,42,120,true,"0, 0, 0, 6, 16, 19, 7, 19, 26, 0"
sm_j10,PSP22.SCH,solver_3,feasible,20,1601.8,2.00,8,42,120,true,"0, 8, 2, 0, 2, 8, 9, 15, 8, 9"
sm_j10,PSP23.SCH,solver_3,feasible,18,1600.9,2.00,8,42,120,true,"0, 0, 0, 2, 15, 8, 9, 10, 9, 0"
sm_j10,PSP24.SCH,solver_3,feasible,23,1601.0,2.00,8,42,120,true,"2, 0, 0, 0, 6, 3, 1, 4, 6, 15"
sm_j10,PSP25.SCH,solver_3,feasible,35,1600.3,2.00,8,42,120,true,"0, 6, 0, 7, 0, 10, 20, 30, 23, 20"
sm_j10,PSP28.SCH,solver_3,feasible,25,1600.4,2.00,8,42,120,true,"3, 0, 6, 0, 0, 4, 9, 9, 23, 18"
sm_j10,PSP29.SCH,solver_3,feasible,29,1600.7,2.00,8,42,120,true,"0, 5, 0, 0, 0, 12, 12, 20, 12, 28"
sm_j10,PSP30.SCH,solver_3,feasible,30,1602.0,2.00,8,42,120,true,"0, 9, 0, 5, 0, 20, 20, 11, 11, 21"
sm_j10,PSP31.SCH,solver_3,feasible,55,1602.7,2.00,8,42,120,true,"10, 18, 0, 16, 46, 27, 52, 27, 16, 37"
sm_j10,PSP32.SCH,solver_3,feasible,43,1600.7,2.00,8,42,120,true,"10, 19, 23, 21, 0, 38, 34, 34, 27, 41"
sm_j10,PSP33.SCH,solver_3,feasible,67,1604.2,2.00,8,42,120,true,"1, 14, 0, 10, 20, 28, 20, 38, 47, 57"
sm_j10,PSP34.SCH,solver_3,feasible,58,1601.8,2.00,8,42,120,true,"17, 25, 0, 29, 7, 47, 54, 37, 37, 47"
sm_j10,PSP35.SCH,solver_3,feasible,38,1600.7,2.00,8,42,120,true,"0, 9, 34, 18, 6, 26, 35, 37, 9, 18"
sm_j10,PSP36.SCH,solver_3,feasible,51,1600.7,2.00,8,42,120,true,"29, 19, 0, 24, 10, 38, 29, 45, 35, 36"
sm_j10,PSP37.SCH,solver_3,feasible,32,1600.2,2.00,8,42,120,true,"6, 0, 0, 17, 9, 30, 16, 20, 17, 20"
sm_j10,PSP38.SCH,solver_3,feasible,43,1600.6,2.00,8,42,120,true,"9, 0, 0, 17, 9, 36, 11, 41, 27, 38"
sm_j10,PSP39.SCH,solver_3,feasible,43,1600.9,2.00,8,42,120,true,"3, 0, 34, 0, 14, 25, 7, 16, 25, 38"
sm_j10,PSP40.SCH,solver_3,feasible,49,1600.9,2.00,8,42,120,true,"15, 9, 9, 0, 30, 30, 35, 42, 40, 20"
sm_j10,PSP41.SCH,solver_3,feasible,35,1600.2,2.00,8,42,120,true,"12, 0, 7, 0, 17, 21, 7, 3, 31, 12"
sm_j10,PSP42.SCH,solver_3,feasible,33,1601.8,2.00,8,42,120,true,"4, 4, 0, 3, 26, 23, 14, 28, 14, 23"
sm_j10,PSP43.SCH,solver_3,feasible,27,1601.4,2.00,8,42,120,true,"9, 0, 18, 1, 9, 1, 18, 18, 14, 21"
sm_j10,PSP51.SCH,solver_3,true_infeasible,,0.0,2.00,8,42,120,true,-1
sm_j10,PSP44.SCH,solver_3,feasible,32,1601.1,2.00,8,42,120,true,"0, 3, 0, 10, 16, 10, 29, 3, 26, 16"
sm_j10,PSP45.SCH,solver_3,feasible,35,1600.9,2.00,8,42,120,true,"20, 9, 10, 29, 28, 0, 10, 20, 9, 0"
sm_j10,PSP46.SCH,solver_3,feasible,28,1601.2,2.00,8,42,120,true,"0, 3, 0, 0, 12, 12, 4, 19, 19, 12"
sm_j10,PSP47.SCH,solver_3,feasible,24,1601.1,2.00,8,42,120,true,"0, 0, 16, 6, 10, 7, 17, 16, 19, 19"
sm_j10,PSP48.SCH,solver_3,feasible,29,1600.6,2.00,8,42,120,true,"0, 12, 9, 0, 11, 4, 16, 26, 11, 16"
sm_j10,PSP49.SCH,solver_3,feasible,27,1600.6,2.00,8,42,120,true,"0, 0, 10, 11, 0, 14, 6, 11, 20, 20"
sm_j10,PSP50.SCH,solver_3,feasible,56,1602.3,2.00,8,42,120,true,"9, 20, 16, 0, 45, 38, 55, 29, 20, 38"
sm_j10,PSP52.SCH,solver_3,feasible,24,1601.7,2.00,8,42,120,true,"11, 0, 0, 0, 7, 20, 15, 7, 15, 20"
sm_j10,PSP53.SCH,solver_3,feasible,32,1600.5,2.00,8,42,120,true,"7, 0, 7, 16, 7, 0, 11, 26, 11, 16"
sm_j10,PSP54.SCH,solver_3,feasible,22,1601.3,2.00,8,42,120,true,"0, 8, 1, 0, 1, 5, 17, 10, 8, 11"
sm_j10,PSP55.SCH,solver_3,feasible,21,1600.2,2.00,8,42,120,true,"0, 0, 12, 8, 13, 0, 15, 2, 15, 13"
sm_j10,PSP56.SCH,solver_3,feasible,21,1600.6,2.00,8,42,120,true,"0, 0, 5, 9, 0, 8, 15, 0, 5, 10"
sm_j10,PSP57.SCH,solver_3,feasible,29,1600.3,2.00,8,42,120,true,"18, 0, 0, 8, 15, 17, 22, 19, 19, 8"
sm_j10,PSP58.SCH,solver_3,feasible,18,1600.2,2.00,8,42,120,true,"0, 6, 0, 0, 3, 15, 11, 10, 6, 8"
sm_j10,PSP59.SCH,solver_3,feasible,30,1601.0,2.00,8,42,120,true,"0, 6, 0, 0, 8, 16, 12, 12, 17, 26"
sm_j10,PSP60.SCH,solver_3,feasible,23,1600.6,2.00,8,42,120,true,"0, 5, 0, 10, 11, 2, 19, 16, 19, 16"
sm_j10,PSP61.SCH,solver_3,feasible,58,1601.8,2.00,8,42,120,true,"9, 0, 17, 24, 31, 47, 53, 33, 57, 40"
sm_j10,PSP62.SCH,solver_3,feasible,52,1601.8,2.00,8,42,120,true,"18, 0, 31, 12, 48, 27, 9, 51, 36, 42"
sm_j10,PSP63.SCH,solver_3,feasible,60,1601.5,2.00,8,42,120,true,"0, 9, 0, 17, 23, 37, 46, 27, 54, 57"
sm_j10,PSP64.SCH,solver_3,feasible,47,1600.9,2.00,8,42,120,true,"0, 17, 18, 7, 32, 44, 40, 22, 33, 46"
sm_j10,PSP65.SCH,solver_3,feasible,49,1601.4,2.00,8,42,120,true,"9, 35, 28, 22, 5, 0, 12, 41, 47, 28"
sm_j10,PSP66.SCH,solver_3,feasible,52,1600.3,2.00,8,42,120,true,"16, 19, 0, 9, 21, 44, 37, 51, 29, 49"
sm_j10,PSP67.SCH,solver_3,feasible,67,1600.2,2.00,8,42,120,true,"20, 30, 40, 0, 10, 2, 46, 59, 54, 63"
sm_j10,PSP68.SCH,solver_3,feasible,50,1602.5,2.00,8,42,120,true,"7, 38, 14, 0, 20, 42, 29, 47, 38, 20"
sm_j10,PSP69.SCH,solver_3,feasible,45,1600.1,2.00,8,42,120,true,"0, 33, 41, 11, 20, 2, 16, 42, 36, 25"
sm_j10,PSP70.SCH,solver_3,feasible,54,1601.3,2.00,8,42,120,true,"16, 0, 21, 23, 10, 52, 53, 45, 26, 36"
sm_j10,PSP71.SCH,solver_3,feasible,36,1602.7,2.00,8,42,120,true,"0, 2, 6, 2, 17, 15, 26, 24, 15, 6"
sm_j10,PSP72.SCH,solver_3,feasible,38,1603.7,2.00,8,42,120,true,"0, 0, 17, 17, 4, 31, 25, 9, 35, 7"
sm_j10,PSP73.SCH,solver_3,feasible,26,1601.1,2.00,8,42,120,true,"0, 4, 15, 12, 15, 10, 23, 0, 10, 23"
sm_j10,PSP74.SCH,solver_3,feasible,34,1600.5,2.00,8,42,120,true,"8, 0, 4, 7, 9, 18, 25, 25, 21, 0"
sm_j10,PSP75.SCH,solver_3,feasible,25,1600.1,2.00,8,42,120,true,"6, 19, 6, 0, 0, 19, 23, 24, 24, 13"
sm_j10,PSP76.SCH,solver_3,feasible,30,1601.8,2.00,8,42,120,true,"19, 0, 26, 0, 6, 26, 9, 20, 16, 7"
sm_j10,PSP77.SCH,solver_3,feasible,48,1602.9,2.00,8,42,120,true,"5, 0, 0, 19, 9, 19, 44, 29, 37, 29"
sm_j10,PSP78.SCH,solver_3,feasible,23,1600.3,2.00,8,42,120,true,"0, 9, 0, 9, 5, 12, 19, 19, 17, 12"
sm_j10,PSP79.SCH,solver_3,feasible,25,1600.8,2.00,8,42,120,true,"13, 0, 8, 3, 0, 20, 3, 14, 13, 22"
sm_j10,PSP80.SCH,solver_3,feasible,31,1601.1,2.00,8,42,120,true,"10, 0, 0, 8, 8, 18, 24, 16, 25, 29"
sm_j10,PSP81.SCH,solver_3,feasible,19,1600.3,2.00,8,42,120,true,"0, 0, 2, 12, 0, 7, 12, 3, 7, 12"
sm_j10,PSP82.SCH,solver_3,feasible,15,1601.1,2.00,8,42,120,true,"0, 0, 1, 0, 1, 7, 5, 6, 9, 5"
sm_j10,PSP83.SCH,solver_3,feasible,18,1600.9,2.00,8,42,120,true,"0, 0, 5, 7, 0, 10, 5, 15, 7, 9"
sm_j10,PSP84.SCH,solver_3,feasible,30,1600.6,2.00,8,42,120,true,"3, 2, 0, 9, 2, 13, 19, 16, 7, 23"
sm_j10,PSP85.SCH,solver_3,feasible,22,1600.2,2.00,8,42,120,true,"0, 0, 0, 0, 6, 8, 9, 14, 6, 15"
sm_j10,PSP86.SCH,solver_3,feasible,30,1601.4,2.00,8,42,120,true,"7, 20, 0, 10, 0, 17, 21, 25, 24, 25"
sm_j10,PSP87.SCH,solver_3,feasible,32,1601.6,2.00,8,42,120,true,"0, 6, 0, 6, 2, 11, 14, 24, 15, 25"
sm_j10,PSP88.SCH,solver_3,feasible,32,1600.8,2.00,8,42,120,true,"0, 7, 8, 0, 0, 17, 25, 12, 15, 25"
sm_j10,PSP89.SCH,solver_3,feasible,31,1600.5,2.00,8,42,120,true,"10, 0, 10, 13, 0, 16, 21, 28, 27, 21"
sm_j10,PSP90.SCH,solver_3,feasible,39,1601.3,2.00,8,42,120,true,"0, 0, 7, 7, 10, 24, 29, 24, 29, 14"
sm_j10,PSP91.SCH,solver_3,feasible,35,1600.9,2.00,8,42,120,true,"0, 0, 11, 18, 9, 21, 18, 32, 21, 28"
sm_j10,PSP92.SCH,solver_3,feasible,44,1600.2,2.00,8,42,120,true,"0, 0, 9, 0, 9, 33, 27, 27, 19, 39"
sm_j10,PSP93.SCH,solver_3,feasible,30,1600.3,2.00,8,42,120,true,"15, 0, 0, 6, 23, 6, 23, 15, 25, 23"
sm_j10,PSP94.SCH,solver_3,feasible,35,1600.9,2.00,8,42,120,true,"17, 0, 5, 7, 24, 24, 10, 7, 31, 17"
sm_j10,PSP95.SCH,solver_3,feasible,34,1600.4,2.00,8,42,120,true,"7, 0, 0, 7, 14, 12, 17, 26, 26, 17"
sm_j10,PSP96.SCH,solver_3,feasible,34,1600.4,2.00,8,42,120,true,"0, 0, 3, 12, 12, 12, 6, 6, 32, 22"
sm_j10,PSP97.SCH,solver_3,feasible,41,1601.0,2.00,8,42,120,true,"23, 0, 23, 3, 24, 13, 27, 33, 13, 13"
sm_j10,PSP98.SCH,solver_3,feasible,35,1600.8,2.00,8,42,120,true,"8, 8, 0, 0, 6, 16, 26, 11, 11, 34"
sm_j10,PSP99.SCH,solver_3,feasible,33,1601.3,2.00,8,42,120,true,"7, 0, 19, 10, 6, 0, 2, 24, 29, 29"
sm_j10,PSP100.SCH,solver_3,feasible,39,1600.9,2.00,8,42,120,true,"0, 0, 5, 14, 22, 32, 22, 14, 5, 28"
sm_j10,PSP108.SCH,solver_3,true_infeasible,,0.0,2.00,8,42,120,true,-1
sm_j10,PSP101.SCH,solver_3,feasible,44,1600.5,2.00,8,42,120,true,"31, 24, 0, 0, 15, 0, 24, 8, 35, 15"
sm_j10,PSP102.SCH,solver_3,feasible,42,1601.4,2.00,8,42,120,true,"0, 14, 14, 10, 32, 32, 17, 24, 32, 36"
sm_j10,PSP103.SCH,solver_3,feasible,14,1600.4,2.00,8,42,120,true,"0, 3, 0, 0, 0, 4, 9, 4, 9, 4"
sm_j10,PSP112.SCH,solver_3,true_infeasible,,0.0,2.00,8,42,120,true,-1
sm_j10,PSP104.SCH,solver_3,feasible,32,1601.0,2.00,8,42,120,true,"0, 1, 0, 4, 0, 14, 8, 21, 14, 22"
sm_j10,PSP105.SCH,solver_3,feasible,20,1601.1,2.00,8,42,120,true,"4, 0, 7, 0, 3, 8, 7, 8, 8, 14"
sm_j10,PSP106.SCH,solver_3,feasible,46,1600.4,2.00,8,42,120,true,"10, 19, 0, 20, 10, 13, 27, 37, 37, 27"
sm_j10,PSP107.SCH,solver_3,feasible,32,1600.3,2.00,8,42,120,true,"0, 0, 0, 14, 10, 4, 5, 23, 23, 31"
sm_j10,PSP109.SCH,solver_3,feasible,31,1600.6,2.00,8,42,120,true,"0, 8, 24, 17, 21, 28, 8, 24, 8, 21"
sm_j10,PSP110.SCH,solver_3,feasible,40,1601.3,2.00,8,42,120,true,"22, 0, 8, 16, 0, 27, 8, 22, 34, 16"
sm_j10,PSP119.SCH,solver_3,true_infeasible,,0.0,2.00,8,42,120,true,-1
sm_j10,PSP111.SCH,solver_3,feasible,26,1601.0,2.00,8,42,120,true,"0, 1, 0, 14, 5, 20, 7, 14, 7, 19"
sm_j10,PSP113.SCH,solver_3,feasible,23,1601.0,2.00,8,42,120,true,"0, 0, 0, 9, 10, 5, 9, 13, 13, 9"
sm_j10,PSP114.SCH,solver_3,feasible,29,1602.3,2.00,8,42,120,true,"0, 0, 0, 5, 0, 10, 20, 10, 10, 19"
sm_j10,PSP115.SCH,solver_3,feasible,29,1600.4,2.00,8,42,120,true,"0, 0, 7, 13, 6, 1, 18, 19, 26, 19"
sm_j10,PSP116.SCH,solver_3,feasible,17,1600.8,2.00,8,42,120,true,"0, 1, 6, 1, 2, 13, 8, 2, 2, 6"
sm_j10,PSP117.SCH,solver_3,feasible,27,1600.3,2.00,8,42,120,true,"0, 12, 0, 0, 8, 14, 26, 22, 14, 14"
sm_j10,PSP118.SCH,solver_3,feasible,30,1601.1,2.00,8,42,120,true,"0, 0, 0, 4, 11, 14, 0, 4, 21, 28"
sm_j10,PSP120.SCH,solver_3,feasible,33,1600.2,2.00,8,42,120,true,"0, 8, 15, 0, 9, 29, 27, 19, 17, 10"
sm_j10,PSP121.SCH,solver_3,feasible,56,1602.1,2.00,8,42,120,true,"18, 29, 0, 7, 25, 13, 46, 51, 31, 39"
sm_j10,PSP122.SCH,solver_3,feasible,47,1600.2,2.00,8,42,120,true,"10, 20, 10, 0, 43, 29, 44, 31, 38, 31"
sm_j10,PSP123.SCH,solver_3,feasible,54,1601.1,2.00,8,42,120,true,"10, 32, 0, 26, 19, 19, 35, 27, 49, 42"
sm_j10,PSP124.SCH,solver_3,feasible,41,1602.1,2.00,8,42,120,true,"8, 20, 29, 0, 11, 20, 13, 32, 21, 32"
sm_j10,PSP125.SCH,solver_3,feasible,57,1600.2,2.00,8,42,120,true,"0, 19, 10, 25, 23, 33, 19, 48, 32, 38"
sm_j10,PSP126.SCH,solver_3,feasible,51,1600.6,2.00,8,42,120,true,"29, 18, 0, 10, 24, 29, 38, 43, 32, 48"
sm_j10,PSP127.SCH,solver_3,feasible,44,1601.4,2.00,8,42,120,true,"0, 40, 20, 9, 25, 2, 10, 25, 34, 43"
sm_j10,PSP128.SCH,solver_3,feasible,45,1602.4,2.00,8,42,120,true,"0, 10, 10, 20, 10, 28, 20, 43, 36, 36"
sm_j10,PSP129.SCH,solver_3,feasible,49,1601.4,2.00,8,42,120,true,"5, 5, 0, 16, 11, 25, 43, 35, 26, 48"
sm_j10,PSP130.SCH,solver_3,feasible,42,1600.9,2.00,8,42,120,true,"0, 7, 18, 21, 10, 21, 39, 26, 33, 26"
sm_j10,PSP131.SCH,solver_3,feasible,30,1601.7,2.00,8,42,120,true,"0, 0, 25, 10, 14, 26, 26, 9, 16, 26"
sm_j10,PSP132.SCH,solver_3,feasible,33,1600.4,2.00,8,42,120,true,"5, 0, 9, 0, 9, 13, 18, 28, 28, 18"
sm_j10,PSP133.SCH,solver_3,feasible,28,1601.9,2.00,8,42,120,true,"0, 3, 8, 3, 17, 22, 11, 10, 20, 16"
sm_j10,PSP134.SCH,solver_3,feasible,25,1600.7,2.00,8,42,120,true,"0, 0, 12, 8, 0, 7, 7, 14, 4, 22"
sm_j10,PSP135.SCH,solver_3,feasible,49,1602.0,2.00,8,42,120,true,"0, 0, 10, 26, 16, 39, 42, 26, 32, 5"
sm_j10,PSP136.SCH,solver_3,feasible,43,1600.1,2.00,8,42,120,true,"35, 0, 10, 30, 18, 24, 18, 36, 31, 30"
sm_j10,PSP137.SCH,solver_3,feasible,43,1600.7,2.00,8,42,120,true,"0, 7, 8, 31, 38, 8, 17, 21, 39, 41"
sm_j10,PSP145.SCH,solver_3,true_infeasible,,0.0,2.00,8,42,120,true,-1
sm_j10,PSP138.SCH,solver_3,feasible,40,1600.9,2.00,8,42,120,true,"0, 0, 17, 7, 7, 8, 26, 23, 30, 17"
sm_j10,PSP139.SCH,solver_3,feasible,50,1601.1,2.00,8,42,120,true,"2, 0, 0, 2, 7, 40, 22, 16, 16, 30"
sm_j10,PSP140.SCH,solver_3,feasible,35,1600.6,2.00,8,42,120,true,"0, 9, 0, 9, 0, 16, 22, 28, 32, 22"
sm_j10,PSP141.SCH,solver_3,feasible,26,1601.8,2.00,8,42,120,true,"7, 0, 14, 9, 0, 9, 17, 14, 16, 22"
sm_j10,PSP142.SCH,solver_3,feasible,28,1602.0,2.00,8,42,120,true,"0, 0, 6, 8, 8, 0, 24, 4, 18, 18"
sm_j10,PSP143.SCH,solver_3,feasible,27,1600.8,2.00,8,42,120,true,"0, 7, 0, 6, 0, 12, 12, 24, 19, 19"
sm_j10,PSP144.SCH,solver_3,feasible,17,1600.5,2.00,8,42,120,true,"0, 0, 4, 12, 2, 0, 15, 12, 4, 8"
sm_j10,PSP146.SCH,solver_3,feasible,25,1600.6,2.00,8,42,120,true,"0, 3, 0, 8, 0, 10, 3, 16, 9, 23"
sm_j10,PSP147.SCH,solver_3,feasible,29,1600.3,2.00,8,42,120,true,"0, 0, 0, 8, 10, 4, 26, 4, 16, 10"
sm_j10,PSP148.SCH,solver_3,feasible,38,1601.1,2.00,8,42,120,true,"0, 0, 16, 0, 16, 10, 35, 37, 31, 24"
sm_j10,PSP149.SCH,solver_3,feasible,20,1601.1,2.00,8,42,120,true,"0, 5, 4, 0, 0, 8, 6, 16, 13, 7"
sm_j10,PSP150.SCH,solver_3,feasible,24,1600.2,2.00,8,42,120,true,"0, 0, 0, 6, 6, 20, 17, 15, 1, 9"
sm_j10,PSP151.SCH,solver_3,feasible,74,1600.3,2.00,8,42,120,true,"22, 38, 0, 47, 25, 15, 9, 28, 57, 66"
sm_j10,PSP152.SCH,solver_3,feasible,49,1601.8,2.00,8,42,120,true,"28, 0, 4, 44, 42, 14, 19, 36, 46, 48"
sm_j10,PSP153.SCH,solver_3,feasible,53,1601.5,2.00,8,42,120,true,"18, 23, 0, 6, 13, 27, 36, 51, 37, 44"
sm_j10,PSP154.SCH,solver_3,feasible,40,1600.2,2.00,8,42,120,true,"24, 0, 11, 25, 18, 22, 8, 26, 39, 32"
sm_j10,PSP155.SCH,solver_3,feasible,49,1601.8,2.00,8,42,120,true,"23, 9, 10, 0, 11, 36, 42, 18, 27, 47"
sm_j10,PSP156.SCH,solver_3,feasible,62,1600.4,2.00,8,42,120,true,"37, 7, 0, 35, 15, 20, 32, 29, 46, 54"
sm_j10,PSP157.SCH,solver_3,feasible,61,1601.2,2.00,8,42,120,true,"8, 22, 0, 21, 16, 28, 54, 58, 34, 44"
sm_j10,PSP158.SCH,solver_3,feasible,59,1600.7,2.00,8,42,120,true,"9, 57, 20, 18, 0, 46, 32, 30, 53, 38"
sm_j10,PSP159.SCH,solver_3,feasible,57,1601.3,2.00,8,42,120,true,"51, 20, 0, 10, 39, 29, 56, 32, 52, 41"
sm_j10,PSP160.SCH,solver_3,feasible,59,1600.4,2.00,8,42,120,true,"14, 0, 17, 53, 9, 18, 28, 54, 38, 46"
sm_j10,PSP161.SCH,solver_3,feasible,30,1601.3,2.00,8,42,120,true,"0, 5, 2, 0, 9, 12, 5, 27, 21, 17"
sm_j10,PSP169.SCH,solver_3,true_infeasible,,0.0,2.00,8,42,120,true,-1
sm_j10,PSP162.SCH,solver_3,feasible,39,1601.2,2.00,8,42,120,true,"3, 7, 0, 0, 9, 13, 33, 26, 35, 17"
sm_j10,PSP163.SCH,solver_3,feasible,53,1600.7,2.00,8,42,120,true,"8, 8, 12, 0, 29, 29, 35, 43, 45, 21"
sm_j10,PSP164.SCH,solver_3,feasible,60,1600.4,2.00,8,42,120,true,"6, 7, 20, 0, 30, 20, 15, 33, 40, 50"
sm_j10,PSP165.SCH,solver_3,feasible,37,1600.8,2.00,8,42,120,true,"0, 0, 15, 17, 10, 32, 35, 10, 27, 27"
sm_j10,PSP166.SCH,solver_3,feasible,31,1600.8,2.00,8,42,120,true,"12, 5, 0, 5, 0, 10, 12, 16, 20, 21"
sm_j10,PSP167.SCH,solver_3,feasible,46,1600.8,2.00,8,42,120,true,"0, 8, 9, 14, 0, 14, 30, 20, 45, 38"
sm_j10,PSP168.SCH,solver_3,feasible,49,1601.6,2.00,8,42,120,true,"12, 0, 2, 5, 12, 19, 38, 17, 29, 45"
sm_j10,PSP170.SCH,solver_3,feasible,64,1600.8,2.00,8,42,120,true,"0, 16, 0, 7, 23, 28, 38, 38, 48, 57"
sm_j10,PSP171.SCH,solver_3,feasible,17,1600.5,2.00,8,42,120,true,"0, 0, 0, 4, 6, 10, 13, 11, 11, 8"
sm_j10,PSP172.SCH,solver_3,feasible,26,1600.7,2.00,8,42,120,true,"0, 9, 0, 0, 4, 8, 16, 16, 14, 18"
sm_j10,PSP173.SCH,solver_3,feasible,18,1600.5,2.00,8,42,120,true,"0, 0, 4, 4, 2, 12, 15, 11, 7, 17"
sm_j10,PSP174.SCH,solver_3,feasible,25,1600.8,2.00,8,42,120,true,"0, 1, 0, 0, 10, 9, 10, 19, 19, 23"
sm_j10,PSP175.SCH,solver_3,feasible,16,1601.8,2.00,8,42,120,true,"2, 0, 4, 0, 13, 5, 4, 8, 8, 13"
sm_j10,PSP176.SCH,solver_3,feasible,41,1602.3,2.00,8,42,120,true,"9, 0, 16, 24, 16, 14, 32, 26, 26, 30"
sm_j10,PSP177.SCH,solver_3,feasible,28,1600.4,2.00,8,42,120,true,"0, 0, 19, 10, 0, 14, 10, 19, 21, 25"
sm_j10,PSP178.SCH,solver_3,feasible,36,1601.0,2.00,8,42,120,true,"9, 0, 6, 0, 14, 15, 9, 22, 26, 25"
sm_j10,PSP179.SCH,solver_3,feasible,24,1600.7,2.00,8,42,120,true,"4, 2, 0, 0, 8, 9, 14, 17, 14, 10"
sm_j10,PSP180.SCH,solver_3,feasible,43,1600.8,2.00,8,42,120,true,"10, 9, 18, 12, 27, 34, 18, 37, 0, 27"
sm_j10,PSP181.SCH,solver_3,feasible,39,1600.6,2.00,8,42,120,true,"25, 0, 0, 16, 9, 8, 23, 16, 25, 35"
sm_j10,PSP182.SCH,solver_3,feasible,27,1601.3,2.00,8,42,120,true,"0, 7, 12, 5, 9, 2, 16, 2, 24, 16"
sm_j10,PSP183.SCH,solver_3,feasible,40,1603.2,2.00,8,42,120,true,"10, 0, 31, 31, 16, 23, 19, 34, 32, 19"
sm_j10,PSP184.SCH,solver_3,feasible,35,1601.9,2.00,8,42,120,true,"0, 25, 14, 6, 11, 4, 18, 14, 19, 25"
sm_j10,PSP185.SCH,solver_3,feasible,29,1600.9,2.00,8,42,120,true,"3, 15, 22, 0, 8, 23, 5, 8, 26, 23"
sm_j10,PSP186.SCH,solver_3,feasible,28,1600.7,2.00,8,42,120,true,"6, 0, 0, 0, 2, 25, 11, 6, 20, 11"
sm_j10,PSP187.SCH,solver_3,feasible,48,1600.8,2.00,8,42,120,true,"0, 0, 25, 17, 8, 17, 35, 25, 0, 43"
sm_j10,PSP195.SCH,solver_3,true_infeasible,,0.0,2.00,8,42,120,true,-1
sm_j10,PSP196.SCH,solver_3,true_infeasible,,0.0,2.00,8,42,120,true,-1
sm_j10,PSP188.SCH,solver_3,feasible,30,1600.8,2.00,8,42,120,true,"11, 0, 0, 25, 17, 11, 8, 21, 6, 27"
sm_j10,PSP198.SCH,solver_3,true_infeasible,,0.1,2.00,8,42,120,true,-1
sm_j10,PSP190.SCH,solver_3,feasible,36,1600.2,2.00,8,42,120,true,"5, 0, 0, 2, 5, 2, 19, 25, 15, 31"
sm_j10,PSP189.SCH,solver_3,feasible,28,1601.9,2.00,8,42,120,true,"1, 1, 0, 10, 4, 1, 7, 13, 19, 10"
sm_j10,PSP201.SCH,solver_3,true_infeasible,,0.0,2.00,8,42,120,true,-1
sm_j10,PSP202.SCH,solver_3,true_infeasible,,0.0,2.00,8,42,120,true,-1
sm_j10,PSP191.SCH,solver_3,feasible,47,1600.3,2.00,8,42,120,true,"0, 0, 16, 9, 16, 38, 29, 26, 39, 29"
sm_j10,PSP192.SCH,solver_3,feasible,54,1600.7,2.00,8,42,120,true,"0, 9, 12, 14, 34, 24, 46, 37, 24, 24"
sm_j10,PSP193.SCH,solver_3,feasible,34,1600.8,2.00,8,42,120,true,"5, 0, 17, 23, 25, 0, 17, 8, 25, 25"
sm_j10,PSP194.SCH,solver_3,feasible,33,1600.2,2.00,8,42,120,true,"7, 0, 0, 8, 8, 26, 17, 17, 31, 11"
sm_j10,PSP197.SCH,solver_3,feasible,38,1600.4,2.00,8,42,120,true,"0, 17, 0, 19, 4, 10, 4, 29, 8, 17"
sm_j10,PSP208.SCH,solver_3,true_infeasible,,0.0,2.00,8,42,120,true,-1
sm_j10,PSP209.SCH,solver_3,true_infeasible,,0.0,2.00,8,42,120,true,-1
sm_j10,PSP199.SCH,solver_3,feasible,31,1601.7,2.00,8,42,120,true,"4, 0, 1, 9, 9, 4, 18, 4, 18, 27"
sm_j10,PSP200.SCH,solver_3,feasible,41,1602.6,2.00,8,42,120,true,"14, 0, 4, 0, 14, 14, 7, 32, 24, 32"
sm_j10,PSP203.SCH,solver_3,feasible,28,1601.1,2.00,8,42,120,true,"0, 12, 17, 15, 3, 4, 18, 18, 15, 26"
sm_j10,PSP204.SCH,solver_3,feasible,40,1601.2,2.00,8,42,120,true,"0, 9, 30, 30, 0, 29, 13, 23, 5, 31"
sm_j10,PSP205.SCH,solver_3,feasible,18,1601.2,2.00,8,42,120,true,"0, 6, 4, 8, 0, 0, 9, 4, 0, 8"
sm_j10,PSP206.SCH,solver_3,feasible,32,1602.4,2.00,8,42,120,true,"6, 0, 0, 9, 6, 16, 23, 25, 16, 29"
sm_j10,PSP207.SCH,solver_3,feasible,45,1600.7,2.00,8,42,120,true,"0, 6, 30, 33, 10, 20, 28, 6, 20, 42"
sm_j10,PSP210.SCH,solver_3,feasible,29,1600.3,2.00,8,42,120,true,"0, 10, 0, 0, 16, 10, 10, 15, 14, 22"
sm_j10,PSP211.SCH,solver_3,feasible,38,1600.4,2.00,8,42,120,true,"17, 33, 10, 19, 11, 0, 20, 36, 28, 37"
sm_j10,PSP212.SCH,solver_3,feasible,49,1600.6,2.00,8,42,120,true,"0, 32, 15, 0, 25, 10, 39, 14, 33, 32"
sm_j10,PSP213.SCH,solver_3,feasible,35,1600.2,2.00,8,42,120,true,"11, 5, 0, 21, 11, 8, 21, 25, 24, 33"
sm_j10,PSP214.SCH,solver_3,feasible,33,1600.3,2.00,8,42,120,true,"0, 4, 0, 8, 11, 12, 9, 15, 24, 24"
sm_j10,PSP215.SCH,solver_3,feasible,43,1600.1,2.00,8,42,120,true,"0, 27, 7, 1, 13, 8, 21, 4, 35, 27"
sm_j10,PSP216.SCH,solver_3,feasible,45,1601.4,2.00,8,42,120,true,"7, 0, 12, 12, 22, 37, 24, 27, 40, 37"
sm_j10,PSP217.SCH,solver_3,feasible,63,1601.0,2.00,8,42,120,true,"0, 25, 35, 30, 17, 36, 8, 51, 60, 41"
sm_j10,PSP218.SCH,solver_3,feasible,46,1600.6,2.00,8,42,120,true,"5, 12, 12, 39, 19, 20, 29, 0, 20, 29"
sm_j10,PSP219.SCH,solver_3,feasible,42,1600.8,2.00,8,42,120,true,"0, 12, 0, 24, 12, 20, 5, 25, 36, 26"
sm_j10,PSP220.SCH,solver_3,feasible,50,1600.5,2.00,8,42,120,true,"0, 0, 10, 29, 14, 39, 24, 29, 41, 21"
sm_j10,PSP221.SCH,solver_3,feasible,38,1601.3,2.00,8,42,120,true,"8, 8, 0, 0, 15, 10, 23, 30, 23, 23"
sm_j10,PSP222.SCH,solver_3,feasible,64,1600.3,2.00,8,42,120,true,"0, 0, 45, 9, 36, 18, 27, 54, 61, 0"
sm_j10,PSP223.SCH,solver_3,feasible,34,1602.6,2.00,8,42,120,true,"13, 0, 29, 15, 4, 4, 12, 0, 22, 19"
sm_j10,PSP224.SCH,solver_3,feasible,54,1602.6,2.00,8,42,120,true,"29, 0, 10, 0, 39, 19, 16, 39, 53, 48"
sm_j10,PSP225.SCH,solver_3,feasible,31,1600.2,2.00,8,42,120,true,"6, 12, 15, 25, 0, 21, 18, 27, 15, 16"
sm_j10,PSP226.SCH,solver_3,feasible,47,1600.4,2.00,8,42,120,true,"5, 15, 42, 34, 6, 18, 27, 0, 15, 42"
sm_j10,PSP227.SCH,solver_3,feasible,36,1600.2,2.00,8,42,120,true,"0, 0, 8, 8, 17, 34, 28, 20, 15, 35"
sm_j10,PSP228.SCH,solver_3,feasible,44,1600.6,2.00,8,42,120,true,"0, 20, 10, 22, 14, 0, 31, 37, 42, 22"
sm_j10,PSP229.SCH,solver_3,feasible,55,1601.4,2.00,8,42,120,true,"10, 2, 0, 26, 20, 10, 19, 40, 36, 45"
sm_j10,PSP230.SCH,solver_3,feasible,56,1600.3,2.00,8,42,120,true,"0, 25, 17, 9, 33, 9, 25, 38, 52, 45"
sm_j10,PSP231.SCH,solver_3,feasible,38,1600.3,2.00,8,42,120,true,"0, 20, 17, 15, 14, 7, 34, 14, 29, 36"
sm_j10,PSP239.SCH,solver_3,true_infeasible,,0.0,2.00,8,42,120,true,-1
sm_j10,PSP232.SCH,solver_3,feasible,37,1600.7,2.00,8,42,120,true,"0, 0, 3, 0, 2, 11, 12, 17, 27, 17"
sm_j10,PSP233.SCH,solver_3,feasible,35,1600.1,2.00,8,42,120,true,"6, 14, 23, 6, 18, 14, 0, 25, 23, 32"
sm_j10,PSP234.SCH,solver_3,feasible,46,1600.2,2.00,8,42,120,true,"0, 0, 0, 24, 0, 26, 19, 10, 42, 33"
sm_j10,PSP235.SCH,solver_3,feasible,33,1600.7,2.00,8,42,120,true,"4, 0, 21, 12, 27, 0, 0, 21, 4, 29"
sm_j10,PSP236.SCH,solver_3,feasible,30,1600.7,2.00,8,42,120,true,"0, 0, 19, 11, 0, 8, 4, 18, 19, 29"
sm_j10,PSP237.SCH,solver_3,feasible,39,1601.7,2.00,8,42,120,true,"6, 9, 0, 0, 10, 20, 10, 22, 32, 22"
sm_j10,PSP238.SCH,solver_3,feasible,45,1601.4,2.00,8,42,120,true,"0, 17, 8, 20, 38, 17, 40, 44, 30, 8"
sm_j10,PSP240.SCH,solver_3,feasible,40,1600.7,2.00,8,42,120,true,"0, 0, 4, 30, 16, 21, 34, 16, 9, 35"
sm_j10,PSP241.SCH,solver_3,feasible,59,1601.9,2.00,8,42,120,true,"0, 33, 50, 38, 24, 14, 9, 54, 44, 58"
sm_j10,PSP242.SCH,solver_3,feasible,49,1602.5,2.00,8,42,120,true,"0, 3, 36, 38, 20, 11, 34, 30, 15, 39"
sm_j10,PSP243.SCH,solver_3,feasible,33,1601.7,2.00,8,42,120,true,"21, 0, 5, 30, 20, 24, 21, 26, 14, 32"
sm_j10,PSP244.SCH,solver_3,feasible,57,1600.7,2.00,8,42,120,true,"1, 0, 7, 19, 27, 23, 13, 35, 50, 42"
sm_j10,PSP245.SCH,solver_3,feasible,61,1603.0,2.00,8,42,120,true,"0, 5, 17, 11, 27, 36, 22, 52, 42, 59"
sm_j10,PSP246.SCH,solver_3,feasible,56,1600.9,2.00,8,42,120,true,"26, 3, 24, 12, 22, 0, 34, 8, 42, 49"
sm_j10,PSP247.SCH,solver_3,feasible,57,1601.6,2.00,8,42,120,true,"12, 0, 19, 27, 54, 43, 16, 37, 5, 49"
sm_j10,PSP248.SCH,solver_3,feasible,49,1601.3,2.00,8,42,120,true,"0, 14, 42, 27, 29, 21, 25, 4, 29, 34"
sm_j10,PSP249.SCH,solver_3,feasible,51,1600.4,2.00,8,42,120,true,"24, 0, 29, 24, 14, 35, 13, 4, 47, 42"
sm_j10,PSP250.SCH,solver_3,feasible,68,1600.8,2.00,8,42,120,true,"34, 39, 19, 16, 24, 0, 8, 64, 58, 49"
sm_j10,PSP251.SCH,solver_3,feasible,54,1600.6,2.00,8,42,120,true,"5, 6, 14, 6, 29, 24, 0, 35, 49, 42"
sm_j10,PSP252.SCH,solver_3,feasible,62,1601.2,2.00,8,42,120,true,"8, 0, 35, 25, 39, 35, 18, 34, 49, 53"
sm_j10,PSP253.SCH,solver_3,feasible,25,1601.4,2.00,8,42,120,true,"1, 22, 5, 0, 6, 1, 19, 2, 9, 19"
sm_j10,PSP254.SCH,solver_3,feasible,65,1601.8,2.00,8,42,120,true,"0, 7, 11, 30, 38, 20, 36, 32, 47, 57"
sm_j10,PSP255.SCH,solver_3,feasible,47,1600.3,2.00,8,42,120,true,"13, 0, 25, 15, 3, 29, 29, 36, 40, 44"
sm_j10,PSP256.SCH,solver_3,feasible,39,1600.4,2.00,8,42,120,true,"0, 9, 0, 11, 15, 25, 33, 25, 33, 15"
sm_j10,PSP257.SCH,solver_3,feasible,42,1601.1,2.00,8,42,120,true,"0, 21, 21, 10, 8, 18, 32, 27, 27, 37"
sm_j10,PSP258.SCH,solver_3,feasible,46,1601.1,2.00,8,42,120,true,"2, 0, 28, 13, 3, 5, 18, 29, 38, 44"
sm_j10,PSP259.SCH,solver_3,feasible,36,1600.3,2.00,8,42,120,true,"21, 0, 0, 16, 10, 16, 15, 24, 29, 29"
sm_j10,PSP260.SCH,solver_3,feasible,24,1608.0,2.00,8,42,120,true,"0, 0, 2, 3, 15, 10, 10, 6, 11, 16"
sm_j10,PSP261.SCH,solver_3,feasible,44,1603.2,2.00,8,42,120,true,"1, 5, 30, 11, 30, 24, 1, 39, 15, 0"
sm_j10,PSP262.SCH,solver_3,feasible,40,1601.0,2.00,8,42,120,true,"0, 23, 31, 0, 18, 37, 9, 23, 8, 29"
sm_j10,PSP263.SCH,solver_3,feasible,46,1602.4,2.00,8,42,120,true,"2, 0, 18, 2, 9, 33, 24, 9, 24, 38"
sm_j10,PSP264.SCH,solver_3,feasible,43,1600.8,2.00,8,42,120,true,"0, 3, 15, 0, 25, 35, 10, 18, 10, 42"
sm_j10,PSP265.SCH,solver_3,feasible,49,1602.2,2.00,8,42,120,true,"0, 27, 19, 0, 36, 9, 36, 9, 45, 27"
sm_j10,PSP266.SCH,solver_3,feasible,35,1601.4,2.00,8,42,120,true,"2, 0, 2, 8, 8, 4, 24, 17, 16, 34"
sm_j10,PSP267.SCH,solver_3,feasible,45,1600.4,2.00,8,42,120,true,"0, 0, 10, 12, 29, 19, 19, 3, 35, 35"
sm_j10,PSP268.SCH,solver_3,feasible,26,1600.6,2.00,8,42,120,true,"0, 1, 0, 21, 4, 7, 12, 4, 22, 12"
sm_j10,PSP269.SCH,solver_3,feasible,25,1601.3,2.00,8,42,120,true,"0, 9, 1, 0, 3, 12, 15, 11, 18, 7"
sm_j10,PSP270.SCH,solver_3,feasible,67,1600.8,2.00,8,42,120,true,"14, 22, 32, 4, 44, 0, 46, 40, 56, 66"
